<!DOCTYPE hibernate-configuration SYSTEM 
"http://www.hibernate.org/dtd/hibernate-configuration-3.0.dtd">

<hibernate-configuration>

   <session-factory>
	    <property name="hibernate.connection.driver_class">com.mysql.jdbc.Driver</property>
		<property name="hibernate.connection.url">jdbc:mysql://localhost:3306/finalproject?useSSL=false</property>
	    <property name="connection.username">root</property>
	    <property name="connection.password">997451</property>
	    <property name="dialect">org.hibernate.dialect.MySQLDialect</property>
	    <property name="hibernate.hbm2ddl.auto">update</property>
	    
	    <property name="connection.pool_size">1</property>
	    
	    <property name="show_sql">true</property>
	    <property name="current_session_context_class">thread</property>
	    
	    
	    <!-- Mapping files -->
	    <mapping class="com.shenkar.finalProject.model.HandymanApplication"/>
	    <mapping class="com.shenkar.finalProject.model.OldersApplication"/>
	    <mapping class="com.shenkar.finalProject.model.RideApplication"/>
	    <mapping class="com.shenkar.finalProject.model.StudentApplication"/>
	    
	    
	</session-factory>
</hibernate-configuration>


